<?xml version="1.0" encoding="UTF-8"?>
<DEFECTS>
  <DEFECT>
    <SFA>
      <FILEPATH>c:\users\austin\source\repos\cpp_casino\cpp_casino\</FILEPATH>
      <FILENAME>build.cpp</FILENAME>
      <LINE>5</LINE>
      <COLUMN>7</COLUMN>
    </SFA>
    <DEFECTCODE>26495</DEFECTCODE>
    <DESCRIPTION>Variable 'Build::trueSum' is uninitialized. Always initialize a member variable (type.6).</DESCRIPTION>
    <FUNCTION>Build::{ctor}</FUNCTION>
    <DECORATED>??0Build@@QAE@XZ</DECORATED>
    <FUNCLINE>5</FUNCLINE>
    <PATH></PATH>
  </DEFECT>
  <DEFECT>
    <SFA>
      <FILEPATH>c:\users\austin\source\repos\cpp_casino\cpp_casino\</FILEPATH>
      <FILENAME>build.cpp</FILENAME>
      <LINE>5</LINE>
      <COLUMN>7</COLUMN>
    </SFA>
    <DEFECTCODE>26439</DEFECTCODE>
    <DESCRIPTION>This kind of function may not throw. Declare it 'noexcept' (f.6).</DESCRIPTION>
    <FUNCTION>Build::{ctor}</FUNCTION>
    <DECORATED>??0Build@@QAE@XZ</DECORATED>
    <FUNCLINE>5</FUNCLINE>
    <PATH></PATH>
  </DEFECT>
</DEFECTS>