<?xml version="1.0" encoding="UTF-8"?>
<DEFECTS>
  <DEFECT>
    <SFA>
      <FILEPATH>c:\users\austin\source\repos\cpp_casino\cpp_casino\</FILEPATH>
      <FILENAME>card.cpp</FILENAME>
      <LINE>4</LINE>
      <COLUMN>6</COLUMN>
    </SFA>
    <DEFECTCODE>26439</DEFECTCODE>
    <DESCRIPTION>This kind of function may not throw. Declare it 'noexcept' (f.6).</DESCRIPTION>
    <FUNCTION>Card::{ctor}</FUNCTION>
    <DECORATED>??0Card@@QAE@XZ</DECORATED>
    <FUNCLINE>4</FUNCLINE>
    <PATH></PATH>
  </DEFECT>
</DEFECTS>