<?xml version="1.0" encoding="UTF-8"?>
<DEFECTS>
  <DEFECT>
    <SFA>
      <FILEPATH>c:\users\austin\source\repos\cpp_casino\cpp_casino\</FILEPATH>
      <FILENAME>computer.cpp</FILENAME>
      <LINE>5</LINE>
      <COLUMN>10</COLUMN>
    </SFA>
    <DEFECTCODE>26439</DEFECTCODE>
    <DESCRIPTION>This kind of function may not throw. Declare it 'noexcept' (f.6).</DESCRIPTION>
    <FUNCTION>Computer::{ctor}</FUNCTION>
    <DECORATED>??0Computer@@QAE@XZ</DECORATED>
    <FUNCLINE>5</FUNCLINE>
    <PATH></PATH>
  </DEFECT>
  <DEFECT>
    <SFA>
      <FILEPATH>c:\users\austin\source\repos\cpp_casino\cpp_casino\</FILEPATH>
      <FILENAME>computer.cpp</FILENAME>
      <LINE>116</LINE>
      <COLUMN>39</COLUMN>
    </SFA>
    <DEFECTCODE>26444</DEFECTCODE>
    <DESCRIPTION>Avoid unnamed objects with custom construction and destruction (es.84).</DESCRIPTION>
    <FUNCTION>Computer::AutoBuild</FUNCTION>
    <DECORATED>?AutoBuild@Computer@@QAE_NAAVTable@@@Z</DECORATED>
    <FUNCLINE>39</FUNCLINE>
    <PATH></PATH>
  </DEFECT>
  <DEFECT>
    <SFA>
      <FILEPATH>c:\users\austin\source\repos\cpp_casino\cpp_casino\</FILEPATH>
      <FILENAME>computer.cpp</FILENAME>
      <LINE>167</LINE>
      <COLUMN>19</COLUMN>
    </SFA>
    <DEFECTCODE>26444</DEFECTCODE>
    <DESCRIPTION>Avoid unnamed objects with custom construction and destruction (es.84).</DESCRIPTION>
    <FUNCTION>Computer::AutoCapture</FUNCTION>
    <DECORATED>?AutoCapture@Computer@@QAE_NAAVTable@@@Z</DECORATED>
    <FUNCLINE>133</FUNCLINE>
    <PATH></PATH>
  </DEFECT>
  <DEFECT>
    <SFA>
      <FILEPATH>c:\users\austin\source\repos\cpp_casino\cpp_casino\</FILEPATH>
      <FILENAME>computer.cpp</FILENAME>
      <LINE>184</LINE>
      <COLUMN>19</COLUMN>
    </SFA>
    <DEFECTCODE>26444</DEFECTCODE>
    <DESCRIPTION>Avoid unnamed objects with custom construction and destruction (es.84).</DESCRIPTION>
    <FUNCTION>Computer::AutoCapture</FUNCTION>
    <DECORATED>?AutoCapture@Computer@@QAE_NAAVTable@@@Z</DECORATED>
    <FUNCLINE>133</FUNCLINE>
    <PATH></PATH>
  </DEFECT>
  <DEFECT>
    <SFA>
      <FILEPATH>c:\users\austin\source\repos\cpp_casino\cpp_casino\</FILEPATH>
      <FILENAME>computer.cpp</FILENAME>
      <LINE>206</LINE>
      <COLUMN>20</COLUMN>
    </SFA>
    <DEFECTCODE>26444</DEFECTCODE>
    <DESCRIPTION>Avoid unnamed objects with custom construction and destruction (es.84).</DESCRIPTION>
    <FUNCTION>Computer::AutoCapture</FUNCTION>
    <DECORATED>?AutoCapture@Computer@@QAE_NAAVTable@@@Z</DECORATED>
    <FUNCLINE>133</FUNCLINE>
    <PATH></PATH>
  </DEFECT>
  <DEFECT>
    <SFA>
      <FILEPATH>c:\users\austin\source\repos\cpp_casino\cpp_casino\</FILEPATH>
      <FILENAME>computer.cpp</FILENAME>
      <LINE>219</LINE>
      <COLUMN>57</COLUMN>
    </SFA>
    <DEFECTCODE>26444</DEFECTCODE>
    <DESCRIPTION>Avoid unnamed objects with custom construction and destruction (es.84).</DESCRIPTION>
    <FUNCTION>Computer::AutoCapture</FUNCTION>
    <DECORATED>?AutoCapture@Computer@@QAE_NAAVTable@@@Z</DECORATED>
    <FUNCLINE>133</FUNCLINE>
    <PATH></PATH>
  </DEFECT>
  <DEFECT>
    <SFA>
      <FILEPATH>c:\users\austin\source\repos\cpp_casino\cpp_casino\</FILEPATH>
      <FILENAME>computer.cpp</FILENAME>
      <LINE>243</LINE>
      <COLUMN>7</COLUMN>
    </SFA>
    <DEFECTCODE>26444</DEFECTCODE>
    <DESCRIPTION>Avoid unnamed objects with custom construction and destruction (es.84).</DESCRIPTION>
    <FUNCTION>Computer::AutoTrail</FUNCTION>
    <DECORATED>?AutoTrail@Computer@@QAEXAAVTable@@@Z</DECORATED>
    <FUNCLINE>237</FUNCLINE>
    <PATH></PATH>
  </DEFECT>
</DEFECTS>