<?xml version="1.0" encoding="UTF-8"?>
<DEFECTS>
  <DEFECT>
    <SFA>
      <FILEPATH>c:\users\austin\source\repos\cpp_casino\cpp_casino\</FILEPATH>
      <FILENAME>player.cpp</FILENAME>
      <LINE>5</LINE>
      <COLUMN>8</COLUMN>
    </SFA>
    <DEFECTCODE>26439</DEFECTCODE>
    <DESCRIPTION>This kind of function may not throw. Declare it 'noexcept' (f.6).</DESCRIPTION>
    <FUNCTION>Player::{ctor}</FUNCTION>
    <DECORATED>??0Player@@QAE@XZ</DECORATED>
    <FUNCLINE>5</FUNCLINE>
    <PATH></PATH>
  </DEFECT>
</DEFECTS>