<?xml version="1.0" encoding="UTF-8"?>
<DEFECTS>
  <DEFECT>
    <SFA>
      <FILEPATH>c:\users\austin\source\repos\cpp_casino\cpp_casino\</FILEPATH>
      <FILENAME>table.cpp</FILENAME>
      <LINE>4</LINE>
      <COLUMN>7</COLUMN>
    </SFA>
    <DEFECTCODE>26439</DEFECTCODE>
    <DESCRIPTION>This kind of function may not throw. Declare it 'noexcept' (f.6).</DESCRIPTION>
    <FUNCTION>Table::{ctor}</FUNCTION>
    <DECORATED>??0Table@@QAE@XZ</DECORATED>
    <FUNCLINE>4</FUNCLINE>
    <PATH></PATH>
  </DEFECT>
  <DEFECT>
    <SFA>
      <FILEPATH>c:\users\austin\source\repos\cpp_casino\cpp_casino\</FILEPATH>
      <FILENAME>table.cpp</FILENAME>
      <LINE>89</LINE>
      <COLUMN>10</COLUMN>
    </SFA>
    <DEFECTCODE>26444</DEFECTCODE>
    <DESCRIPTION>Avoid unnamed objects with custom construction and destruction (es.84).</DESCRIPTION>
    <FUNCTION>Table::SetHasCard</FUNCTION>
    <DECORATED>?SetHasCard@Table@@QAE_NV?$basic_string@DU?$char_traits@D@std@@V?$allocator@D@2@@std@@AAV?$vector@VCard@@V?$allocator@VCard@@@std@@@3@1@Z</DECORATED>
    <FUNCLINE>77</FUNCLINE>
    <PATH></PATH>
  </DEFECT>
  <DEFECT>
    <SFA>
      <FILEPATH>c:\users\austin\source\repos\cpp_casino\cpp_casino\</FILEPATH>
      <FILENAME>table.cpp</FILENAME>
      <LINE>158</LINE>
      <COLUMN>11</COLUMN>
    </SFA>
    <DEFECTCODE>26444</DEFECTCODE>
    <DESCRIPTION>Avoid unnamed objects with custom construction and destruction (es.84).</DESCRIPTION>
    <FUNCTION>Table::EraseCard</FUNCTION>
    <DECORATED>?EraseCard@Table@@QAEXV?$basic_string@DU?$char_traits@D@std@@V?$allocator@D@2@@std@@@Z</DECORATED>
    <FUNCLINE>153</FUNCLINE>
    <PATH></PATH>
  </DEFECT>
</DEFECTS>