<?xml version="1.0" encoding="UTF-8"?>
<DEFECTS>
  <DEFECT>
    <SFA>
      <FILEPATH>c:\users\austin\source\repos\cpp_casino\cpp_casino\</FILEPATH>
      <FILENAME>tournament.cpp</FILENAME>
      <LINE>4</LINE>
      <COLUMN>12</COLUMN>
    </SFA>
    <DEFECTCODE>26439</DEFECTCODE>
    <DESCRIPTION>This kind of function may not throw. Declare it 'noexcept' (f.6).</DESCRIPTION>
    <FUNCTION>Tournament::{ctor}</FUNCTION>
    <DECORATED>??0Tournament@@QAE@XZ</DECORATED>
    <FUNCLINE>4</FUNCLINE>
    <PATH></PATH>
  </DEFECT>
  <DEFECT>
    <SFA>
      <FILEPATH>c:\users\austin\source\repos\cpp_casino\cpp_casino\</FILEPATH>
      <FILENAME>tournament.cpp</FILENAME>
      <LINE>161</LINE>
      <COLUMN>7</COLUMN>
    </SFA>
    <DEFECTCODE>26444</DEFECTCODE>
    <DESCRIPTION>Avoid unnamed objects with custom construction and destruction (es.84).</DESCRIPTION>
    <FUNCTION>Tournament::CoinFlip</FUNCTION>
    <DECORATED>?CoinFlip@Tournament@@QAEXAAPAVPlayer@@0@Z</DECORATED>
    <FUNCLINE>135</FUNCLINE>
    <PATH></PATH>
  </DEFECT>
</DEFECTS>