﻿<?xml version="1.0" encoding="utf-8"?><DEFECTS><DEFECT>
    <SFA>
      <FILEPATH>c:\users\austin\source\repos\cpp_casino\cpp_casino\</FILEPATH>
      <FILENAME>build.cpp</FILENAME>
      <LINE>5</LINE>
      <COLUMN>7</COLUMN>
    </SFA>
    <DEFECTCODE>26495</DEFECTCODE>
    <DESCRIPTION>Variable 'Build::trueSum' is uninitialized. Always initialize a member variable (type.6).</DESCRIPTION>
    <FUNCTION>Build::{ctor}</FUNCTION>
    <DECORATED>??0Build@@QAE@XZ</DECORATED>
    <FUNCLINE>5</FUNCLINE>
    <PATH></PATH>
  </DEFECT><DEFECT>
    <SFA>
      <FILEPATH>c:\users\austin\source\repos\cpp_casino\cpp_casino\</FILEPATH>
      <FILENAME>build.cpp</FILENAME>
      <LINE>5</LINE>
      <COLUMN>7</COLUMN>
    </SFA>
    <DEFECTCODE>26439</DEFECTCODE>
    <DESCRIPTION>This kind of function may not throw. Declare it 'noexcept' (f.6).</DESCRIPTION>
    <FUNCTION>Build::{ctor}</FUNCTION>
    <DECORATED>??0Build@@QAE@XZ</DECORATED>
    <FUNCLINE>5</FUNCLINE>
    <PATH></PATH>
  </DEFECT><DEFECT>
    <SFA>
      <FILEPATH>c:\users\austin\source\repos\cpp_casino\cpp_casino\</FILEPATH>
      <FILENAME>card.cpp</FILENAME>
      <LINE>4</LINE>
      <COLUMN>6</COLUMN>
    </SFA>
    <DEFECTCODE>26439</DEFECTCODE>
    <DESCRIPTION>This kind of function may not throw. Declare it 'noexcept' (f.6).</DESCRIPTION>
    <FUNCTION>Card::{ctor}</FUNCTION>
    <DECORATED>??0Card@@QAE@XZ</DECORATED>
    <FUNCLINE>4</FUNCLINE>
    <PATH></PATH>
  </DEFECT><DEFECT>
    <SFA>
      <FILEPATH>c:\users\austin\source\repos\cpp_casino\cpp_casino\</FILEPATH>
      <FILENAME>casino.cpp</FILENAME>
      <LINE>6</LINE>
      <COLUMN>8</COLUMN>
    </SFA>
    <DEFECTCODE>26439</DEFECTCODE>
    <DESCRIPTION>This kind of function may not throw. Declare it 'noexcept' (f.6).</DESCRIPTION>
    <FUNCTION>Casino::{ctor}</FUNCTION>
    <DECORATED>??0Casino@@QAE@XZ</DECORATED>
    <FUNCLINE>6</FUNCLINE>
    <PATH></PATH>
  </DEFECT><DEFECT>
    <SFA>
      <FILEPATH>c:\users\austin\source\repos\cpp_casino\cpp_casino\</FILEPATH>
      <FILENAME>computer.cpp</FILENAME>
      <LINE>5</LINE>
      <COLUMN>10</COLUMN>
    </SFA>
    <DEFECTCODE>26439</DEFECTCODE>
    <DESCRIPTION>This kind of function may not throw. Declare it 'noexcept' (f.6).</DESCRIPTION>
    <FUNCTION>Computer::{ctor}</FUNCTION>
    <DECORATED>??0Computer@@QAE@XZ</DECORATED>
    <FUNCLINE>5</FUNCLINE>
    <PATH></PATH>
  </DEFECT><DEFECT>
    <SFA>
      <FILEPATH>c:\users\austin\source\repos\cpp_casino\cpp_casino\</FILEPATH>
      <FILENAME>computer.cpp</FILENAME>
      <LINE>116</LINE>
      <COLUMN>39</COLUMN>
    </SFA>
    <DEFECTCODE>26444</DEFECTCODE>
    <DESCRIPTION>Avoid unnamed objects with custom construction and destruction (es.84).</DESCRIPTION>
    <FUNCTION>Computer::AutoBuild</FUNCTION>
    <DECORATED>?AutoBuild@Computer@@QAE_NAAVTable@@@Z</DECORATED>
    <FUNCLINE>39</FUNCLINE>
    <PATH></PATH>
  </DEFECT><DEFECT>
    <SFA>
      <FILEPATH>c:\users\austin\source\repos\cpp_casino\cpp_casino\</FILEPATH>
      <FILENAME>computer.cpp</FILENAME>
      <LINE>167</LINE>
      <COLUMN>19</COLUMN>
    </SFA>
    <DEFECTCODE>26444</DEFECTCODE>
    <DESCRIPTION>Avoid unnamed objects with custom construction and destruction (es.84).</DESCRIPTION>
    <FUNCTION>Computer::AutoCapture</FUNCTION>
    <DECORATED>?AutoCapture@Computer@@QAE_NAAVTable@@@Z</DECORATED>
    <FUNCLINE>133</FUNCLINE>
    <PATH></PATH>
  </DEFECT><DEFECT>
    <SFA>
      <FILEPATH>c:\users\austin\source\repos\cpp_casino\cpp_casino\</FILEPATH>
      <FILENAME>computer.cpp</FILENAME>
      <LINE>184</LINE>
      <COLUMN>19</COLUMN>
    </SFA>
    <DEFECTCODE>26444</DEFECTCODE>
    <DESCRIPTION>Avoid unnamed objects with custom construction and destruction (es.84).</DESCRIPTION>
    <FUNCTION>Computer::AutoCapture</FUNCTION>
    <DECORATED>?AutoCapture@Computer@@QAE_NAAVTable@@@Z</DECORATED>
    <FUNCLINE>133</FUNCLINE>
    <PATH></PATH>
  </DEFECT><DEFECT>
    <SFA>
      <FILEPATH>c:\users\austin\source\repos\cpp_casino\cpp_casino\</FILEPATH>
      <FILENAME>computer.cpp</FILENAME>
      <LINE>206</LINE>
      <COLUMN>20</COLUMN>
    </SFA>
    <DEFECTCODE>26444</DEFECTCODE>
    <DESCRIPTION>Avoid unnamed objects with custom construction and destruction (es.84).</DESCRIPTION>
    <FUNCTION>Computer::AutoCapture</FUNCTION>
    <DECORATED>?AutoCapture@Computer@@QAE_NAAVTable@@@Z</DECORATED>
    <FUNCLINE>133</FUNCLINE>
    <PATH></PATH>
  </DEFECT><DEFECT>
    <SFA>
      <FILEPATH>c:\users\austin\source\repos\cpp_casino\cpp_casino\</FILEPATH>
      <FILENAME>computer.cpp</FILENAME>
      <LINE>219</LINE>
      <COLUMN>57</COLUMN>
    </SFA>
    <DEFECTCODE>26444</DEFECTCODE>
    <DESCRIPTION>Avoid unnamed objects with custom construction and destruction (es.84).</DESCRIPTION>
    <FUNCTION>Computer::AutoCapture</FUNCTION>
    <DECORATED>?AutoCapture@Computer@@QAE_NAAVTable@@@Z</DECORATED>
    <FUNCLINE>133</FUNCLINE>
    <PATH></PATH>
  </DEFECT><DEFECT>
    <SFA>
      <FILEPATH>c:\users\austin\source\repos\cpp_casino\cpp_casino\</FILEPATH>
      <FILENAME>computer.cpp</FILENAME>
      <LINE>243</LINE>
      <COLUMN>7</COLUMN>
    </SFA>
    <DEFECTCODE>26444</DEFECTCODE>
    <DESCRIPTION>Avoid unnamed objects with custom construction and destruction (es.84).</DESCRIPTION>
    <FUNCTION>Computer::AutoTrail</FUNCTION>
    <DECORATED>?AutoTrail@Computer@@QAEXAAVTable@@@Z</DECORATED>
    <FUNCLINE>237</FUNCLINE>
    <PATH></PATH>
  </DEFECT><DEFECT>
    <SFA>
      <FILEPATH>c:\users\austin\source\repos\cpp_casino\cpp_casino\</FILEPATH>
      <FILENAME>deck.cpp</FILENAME>
      <LINE>4</LINE>
      <COLUMN>6</COLUMN>
    </SFA>
    <DEFECTCODE>26439</DEFECTCODE>
    <DESCRIPTION>This kind of function may not throw. Declare it 'noexcept' (f.6).</DESCRIPTION>
    <FUNCTION>Deck::{ctor}</FUNCTION>
    <DECORATED>??0Deck@@QAE@XZ</DECORATED>
    <FUNCLINE>4</FUNCLINE>
    <PATH></PATH>
  </DEFECT><DEFECT>
    <SFA>
      <FILEPATH>c:\users\austin\source\repos\cpp_casino\cpp_casino\</FILEPATH>
      <FILENAME>deck.cpp</FILENAME>
      <LINE>86</LINE>
      <COLUMN>5</COLUMN>
    </SFA>
    <DEFECTCODE>26444</DEFECTCODE>
    <DESCRIPTION>Avoid unnamed objects with custom construction and destruction (es.84).</DESCRIPTION>
    <FUNCTION>Deck::DealCards</FUNCTION>
    <DECORATED>?DealCards@Deck@@QAEXAAPAVPlayer@@@Z</DECORATED>
    <FUNCLINE>82</FUNCLINE>
    <PATH></PATH>
  </DEFECT><DEFECT>
    <SFA>
      <FILEPATH>c:\users\austin\source\repos\cpp_casino\cpp_casino\</FILEPATH>
      <FILENAME>deck.cpp</FILENAME>
      <LINE>102</LINE>
      <COLUMN>6</COLUMN>
    </SFA>
    <DEFECTCODE>26444</DEFECTCODE>
    <DESCRIPTION>Avoid unnamed objects with custom construction and destruction (es.84).</DESCRIPTION>
    <FUNCTION>Deck::DealCards</FUNCTION>
    <DECORATED>?DealCards@Deck@@QAEXAAVTable@@@Z</DECORATED>
    <FUNCLINE>95</FUNCLINE>
    <PATH></PATH>
  </DEFECT><DEFECT>
    <SFA>
      <FILEPATH>c:\users\austin\source\repos\cpp_casino\cpp_casino\</FILEPATH>
      <FILENAME>deck.cpp</FILENAME>
      <LINE>114</LINE>
      <COLUMN>22</COLUMN>
    </SFA>
    <DEFECTCODE>6287</DEFECTCODE>
    <DESCRIPTION>Redundant code:  the left and right sub-expressions are identical.</DESCRIPTION>
    <FUNCTION>Deck::IsEmpty</FUNCTION>
    <DECORATED>?IsEmpty@Deck@@QAE_NXZ</DECORATED>
    <FUNCLINE>112</FUNCLINE>
    <PATH></PATH>
  </DEFECT><DEFECT>
    <SFA>
      <FILEPATH>c:\users\austin\source\repos\cpp_casino\cpp_casino\</FILEPATH>
      <FILENAME>human.cpp</FILENAME>
      <LINE>5</LINE>
      <COLUMN>7</COLUMN>
    </SFA>
    <DEFECTCODE>26439</DEFECTCODE>
    <DESCRIPTION>This kind of function may not throw. Declare it 'noexcept' (f.6).</DESCRIPTION>
    <FUNCTION>Human::{ctor}</FUNCTION>
    <DECORATED>??0Human@@QAE@XZ</DECORATED>
    <FUNCLINE>5</FUNCLINE>
    <PATH></PATH>
  </DEFECT><DEFECT>
    <SFA>
      <FILEPATH>c:\users\austin\source\repos\cpp_casino\cpp_casino\</FILEPATH>
      <FILENAME>human.cpp</FILENAME>
      <LINE>184</LINE>
      <COLUMN>36</COLUMN>
    </SFA>
    <DEFECTCODE>26444</DEFECTCODE>
    <DESCRIPTION>Avoid unnamed objects with custom construction and destruction (es.84).</DESCRIPTION>
    <FUNCTION>Human::SingleBuild</FUNCTION>
    <DECORATED>?SingleBuild@Human@@QAE_NAAVTable@@@Z</DECORATED>
    <FUNCLINE>135</FUNCLINE>
    <PATH></PATH>
  </DEFECT><DEFECT>
    <SFA>
      <FILEPATH>c:\users\austin\source\repos\cpp_casino\cpp_casino\</FILEPATH>
      <FILENAME>human.cpp</FILENAME>
      <LINE>262</LINE>
      <COLUMN>36</COLUMN>
    </SFA>
    <DEFECTCODE>26444</DEFECTCODE>
    <DESCRIPTION>Avoid unnamed objects with custom construction and destruction (es.84).</DESCRIPTION>
    <FUNCTION>Human::MultiBuild</FUNCTION>
    <DECORATED>?MultiBuild@Human@@QAE_NAAVTable@@@Z</DECORATED>
    <FUNCLINE>198</FUNCLINE>
    <PATH></PATH>
  </DEFECT><DEFECT>
    <SFA>
      <FILEPATH>c:\users\austin\source\repos\cpp_casino\cpp_casino\</FILEPATH>
      <FILENAME>human.cpp</FILENAME>
      <LINE>401</LINE>
      <COLUMN>10</COLUMN>
    </SFA>
    <DEFECTCODE>26444</DEFECTCODE>
    <DESCRIPTION>Avoid unnamed objects with custom construction and destruction (es.84).</DESCRIPTION>
    <FUNCTION>Human::Capture</FUNCTION>
    <DECORATED>?Capture@Human@@QAE_NAAVTable@@@Z</DECORATED>
    <FUNCLINE>276</FUNCLINE>
    <PATH></PATH>
  </DEFECT><DEFECT>
    <SFA>
      <FILEPATH>c:\users\austin\source\repos\cpp_casino\cpp_casino\</FILEPATH>
      <FILENAME>human.cpp</FILENAME>
      <LINE>337</LINE>
      <COLUMN>19</COLUMN>
    </SFA>
    <DEFECTCODE>26444</DEFECTCODE>
    <DESCRIPTION>Avoid unnamed objects with custom construction and destruction (es.84).</DESCRIPTION>
    <FUNCTION>Human::Capture</FUNCTION>
    <DECORATED>?Capture@Human@@QAE_NAAVTable@@@Z</DECORATED>
    <FUNCLINE>276</FUNCLINE>
    <PATH></PATH>
  </DEFECT><DEFECT>
    <SFA>
      <FILEPATH>c:\users\austin\source\repos\cpp_casino\cpp_casino\</FILEPATH>
      <FILENAME>human.cpp</FILENAME>
      <LINE>443</LINE>
      <COLUMN>9</COLUMN>
    </SFA>
    <DEFECTCODE>26444</DEFECTCODE>
    <DESCRIPTION>Avoid unnamed objects with custom construction and destruction (es.84).</DESCRIPTION>
    <FUNCTION>Human::Trail</FUNCTION>
    <DECORATED>?Trail@Human@@QAE_NAAVTable@@@Z</DECORATED>
    <FUNCLINE>421</FUNCLINE>
    <PATH></PATH>
  </DEFECT><DEFECT>
    <SFA>
      <FILEPATH>c:\users\austin\source\repos\cpp_casino\cpp_casino\</FILEPATH>
      <FILENAME>player.cpp</FILENAME>
      <LINE>5</LINE>
      <COLUMN>8</COLUMN>
    </SFA>
    <DEFECTCODE>26439</DEFECTCODE>
    <DESCRIPTION>This kind of function may not throw. Declare it 'noexcept' (f.6).</DESCRIPTION>
    <FUNCTION>Player::{ctor}</FUNCTION>
    <DECORATED>??0Player@@QAE@XZ</DECORATED>
    <FUNCLINE>5</FUNCLINE>
    <PATH></PATH>
  </DEFECT><DEFECT>
    <SFA>
      <FILEPATH>c:\users\austin\source\repos\cpp_casino\cpp_casino\</FILEPATH>
      <FILENAME>round.cpp</FILENAME>
      <LINE>4</LINE>
      <COLUMN>7</COLUMN>
    </SFA>
    <DEFECTCODE>26439</DEFECTCODE>
    <DESCRIPTION>This kind of function may not throw. Declare it 'noexcept' (f.6).</DESCRIPTION>
    <FUNCTION>Round::{ctor}</FUNCTION>
    <DECORATED>??0Round@@QAE@XZ</DECORATED>
    <FUNCLINE>4</FUNCLINE>
    <PATH></PATH>
  </DEFECT><DEFECT>
    <SFA>
      <FILEPATH>c:\users\austin\source\repos\cpp_casino\cpp_casino\</FILEPATH>
      <FILENAME>round.cpp</FILENAME>
      <LINE>97</LINE>
      <COLUMN>18</COLUMN>
    </SFA>
    <DEFECTCODE>26444</DEFECTCODE>
    <DESCRIPTION>Avoid unnamed objects with custom construction and destruction (es.84).</DESCRIPTION>
    <FUNCTION>Round::PlayRound</FUNCTION>
    <DECORATED>?PlayRound@Round@@QAEXHAAPAVPlayer@@0AAH1@Z</DECORATED>
    <FUNCLINE>37</FUNCLINE>
    <PATH></PATH>
  </DEFECT><DEFECT>
    <SFA>
      <FILEPATH>c:\users\austin\source\repos\cpp_casino\cpp_casino\</FILEPATH>
      <FILENAME>round.cpp</FILENAME>
      <LINE>205</LINE>
      <COLUMN>18</COLUMN>
    </SFA>
    <DEFECTCODE>26444</DEFECTCODE>
    <DESCRIPTION>Avoid unnamed objects with custom construction and destruction (es.84).</DESCRIPTION>
    <FUNCTION>Round::ResumeRound</FUNCTION>
    <DECORATED>?ResumeRound@Round@@QAEXHAAPAVPlayer@@0AAH1AAVTable@@AAVDeck@@@Z</DECORATED>
    <FUNCLINE>166</FUNCLINE>
    <PATH></PATH>
  </DEFECT><DEFECT>
    <SFA>
      <FILEPATH>c:\users\austin\source\repos\cpp_casino\cpp_casino\</FILEPATH>
      <FILENAME>serialization.cpp</FILENAME>
      <LINE>8</LINE>
      <COLUMN>15</COLUMN>
    </SFA>
    <DEFECTCODE>26439</DEFECTCODE>
    <DESCRIPTION>This kind of function may not throw. Declare it 'noexcept' (f.6).</DESCRIPTION>
    <FUNCTION>Serialization::{ctor}</FUNCTION>
    <DECORATED>??0Serialization@@QAE@XZ</DECORATED>
    <FUNCLINE>8</FUNCLINE>
    <PATH></PATH>
  </DEFECT><DEFECT>
    <SFA>
      <FILEPATH>c:\users\austin\source\repos\cpp_casino\cpp_casino\</FILEPATH>
      <FILENAME>serialization.cpp</FILENAME>
      <LINE>8</LINE>
      <COLUMN>15</COLUMN>
    </SFA>
    <DEFECTCODE>26495</DEFECTCODE>
    <DESCRIPTION>Variable 'Serialization::sComputerScore' is uninitialized. Always initialize a member variable (type.6).</DESCRIPTION>
    <FUNCTION>Serialization::{ctor}</FUNCTION>
    <DECORATED>??0Serialization@@QAE@XZ</DECORATED>
    <FUNCLINE>8</FUNCLINE>
    <PATH></PATH>
  </DEFECT><DEFECT>
    <SFA>
      <FILEPATH>c:\users\austin\source\repos\cpp_casino\cpp_casino\</FILEPATH>
      <FILENAME>table.cpp</FILENAME>
      <LINE>4</LINE>
      <COLUMN>7</COLUMN>
    </SFA>
    <DEFECTCODE>26439</DEFECTCODE>
    <DESCRIPTION>This kind of function may not throw. Declare it 'noexcept' (f.6).</DESCRIPTION>
    <FUNCTION>Table::{ctor}</FUNCTION>
    <DECORATED>??0Table@@QAE@XZ</DECORATED>
    <FUNCLINE>4</FUNCLINE>
    <PATH></PATH>
  </DEFECT><DEFECT>
    <SFA>
      <FILEPATH>c:\users\austin\source\repos\cpp_casino\cpp_casino\</FILEPATH>
      <FILENAME>table.cpp</FILENAME>
      <LINE>89</LINE>
      <COLUMN>10</COLUMN>
    </SFA>
    <DEFECTCODE>26444</DEFECTCODE>
    <DESCRIPTION>Avoid unnamed objects with custom construction and destruction (es.84).</DESCRIPTION>
    <FUNCTION>Table::SetHasCard</FUNCTION>
    <DECORATED>?SetHasCard@Table@@QAE_NV?$basic_string@DU?$char_traits@D@std@@V?$allocator@D@2@@std@@AAV?$vector@VCard@@V?$allocator@VCard@@@std@@@3@1@Z</DECORATED>
    <FUNCLINE>77</FUNCLINE>
    <PATH></PATH>
  </DEFECT><DEFECT>
    <SFA>
      <FILEPATH>c:\users\austin\source\repos\cpp_casino\cpp_casino\</FILEPATH>
      <FILENAME>table.cpp</FILENAME>
      <LINE>158</LINE>
      <COLUMN>11</COLUMN>
    </SFA>
    <DEFECTCODE>26444</DEFECTCODE>
    <DESCRIPTION>Avoid unnamed objects with custom construction and destruction (es.84).</DESCRIPTION>
    <FUNCTION>Table::EraseCard</FUNCTION>
    <DECORATED>?EraseCard@Table@@QAEXV?$basic_string@DU?$char_traits@D@std@@V?$allocator@D@2@@std@@@Z</DECORATED>
    <FUNCLINE>153</FUNCLINE>
    <PATH></PATH>
  </DEFECT><DEFECT>
    <SFA>
      <FILEPATH>c:\users\austin\source\repos\cpp_casino\cpp_casino\</FILEPATH>
      <FILENAME>tournament.cpp</FILENAME>
      <LINE>4</LINE>
      <COLUMN>12</COLUMN>
    </SFA>
    <DEFECTCODE>26439</DEFECTCODE>
    <DESCRIPTION>This kind of function may not throw. Declare it 'noexcept' (f.6).</DESCRIPTION>
    <FUNCTION>Tournament::{ctor}</FUNCTION>
    <DECORATED>??0Tournament@@QAE@XZ</DECORATED>
    <FUNCLINE>4</FUNCLINE>
    <PATH></PATH>
  </DEFECT><DEFECT>
    <SFA>
      <FILEPATH>c:\users\austin\source\repos\cpp_casino\cpp_casino\</FILEPATH>
      <FILENAME>tournament.cpp</FILENAME>
      <LINE>161</LINE>
      <COLUMN>7</COLUMN>
    </SFA>
    <DEFECTCODE>26444</DEFECTCODE>
    <DESCRIPTION>Avoid unnamed objects with custom construction and destruction (es.84).</DESCRIPTION>
    <FUNCTION>Tournament::CoinFlip</FUNCTION>
    <DECORATED>?CoinFlip@Tournament@@QAEXAAPAVPlayer@@0@Z</DECORATED>
    <FUNCLINE>135</FUNCLINE>
    <PATH></PATH>
  </DEFECT></DEFECTS>